Actual,Predicted_RF,Predicted_XGB,Probability_RF,Probability_XGB
0,0,0,0.00842928449011635,0.003986789
0,1,1,0.6412902411308545,0.59877104
0,0,0,0.024196481073045558,0.030117435
1,0,0,0.10771915957842125,0.11553085
0,0,0,0.1698786529012759,0.2629638
1,0,0,0.38971429253491224,0.40062514
0,0,0,0.028165559368209664,0.035435658
0,0,0,0.12035732973014591,0.09522898
1,1,1,0.5782096397255018,0.6339459
0,0,0,0.022311567629300696,0.00896271
0,1,1,0.5682136903288643,0.5941206
0,0,0,0.08156160747993267,0.10001238
0,1,1,0.6010499871758445,0.6052608
0,0,0,0.11509024369311022,0.054423742
1,0,0,0.10677148066414978,0.11101296
1,1,1,0.826713195752798,0.7810962
1,1,1,0.6210698751263343,0.66958547
1,1,1,0.5135754838935225,0.56381494
0,0,0,0.1765403233819394,0.13542832
0,0,0,0.005821237508215355,0.0023535374
0,0,0,0.02421670930937046,0.00661444
0,0,0,0.3459170728105795,0.4297377
0,1,1,0.5569596902042873,0.5542383
1,0,0,0.20372878561423133,0.18642698
0,0,0,0.09163288351462001,0.13036078
1,0,0,0.3704210330976974,0.45257944
0,0,0,0.15728092487846937,0.15677607
0,0,0,0.03191317157489505,0.009082123
0,0,0,0.06593706909101474,0.096684575
1,0,0,0.2908880297119561,0.2505421
0,0,0,0.13419269788700813,0.08801459
1,1,1,0.8545155546110945,0.8656843
0,0,0,0.4655089370261639,0.4281866
0,0,0,0.04566494615000928,0.017929852
1,1,1,0.7442107583596789,0.76163954
0,1,1,0.5553983086970823,0.6193408
0,0,0,0.12506774629624018,0.09087863
0,0,0,0.007660486571872963,0.0027738146
1,0,0,0.26086149163803435,0.2804265
0,0,0,0.2617760634025263,0.21521613
0,0,0,0.06729330266765113,0.027977569
0,0,0,0.01480806263236183,0.008963034
0,0,0,0.15631083429787673,0.22304063
0,0,0,0.17359446706460788,0.04665294
0,0,0,0.018878737981679158,0.028434688
0,0,0,0.24977263030916397,0.14469062
0,0,0,0.06291377966414913,0.040525608
0,0,0,0.12929527361746665,0.06151813
0,0,0,0.007095648229304438,0.010448384
0,0,0,0.09227865426588452,0.10103924
0,1,1,0.5925342195000828,0.5121336
0,0,0,0.03637516769290718,0.016643807
0,0,0,0.30802616920585424,0.45244104
1,1,1,0.6529735829624286,0.71513075
0,0,0,0.052711338511916964,0.017189505
0,0,0,0.0409308478877712,0.00932734
0,0,0,0.4449013085050435,0.4252606
0,0,0,0.4988618365932501,0.48895967
0,0,0,0.005203252032520324,0.016374115
1,1,1,0.6595197127765188,0.6609258
0,0,0,0.04605648120841912,0.011994398
0,0,0,0.15095691525631405,0.07609324
0,1,1,0.5193654389734281,0.5386678
0,0,0,0.04783084711042997,0.0155209135
0,0,0,0.0016547151963195025,0.013173158
0,0,0,0.13302621266827883,0.12219257
0,0,0,0.020177221388272472,0.08064914
0,0,0,0.039839798875215215,0.071031146
0,0,0,0.0011632370336084631,0.001518443
0,0,0,0.1342018476688027,0.11265917
0,0,0,0.001274175432210848,0.0015491777
1,1,1,0.7981077460569989,0.8506391
0,0,0,0.012800705852277565,0.017419202
1,0,0,0.27436137522990595,0.36955705
0,0,0,0.019244343891402713,0.007126363
1,0,0,0.47569971020570373,0.4389599
0,1,1,0.5668089318141823,0.52468455
0,0,0,0.061256048718616105,0.06452706
0,0,0,0.016961095435163682,0.006562608
0,0,0,0.2176011832918974,0.22606324
0,0,0,0.0037722678776185635,0.008579152
0,0,0,0.0630220758937062,0.040134963
0,0,0,0.057973873516366244,0.021582065
1,1,1,0.5346734071742114,0.54492253
0,0,0,0.053686080856309264,0.08446498
0,0,0,0.010348723890328195,0.0019294838
0,0,0,0.3237476841167071,0.3915416
1,0,0,0.153252376518597,0.21693784
0,1,1,0.8013017384783254,0.83233505
0,0,0,0.28096347938020594,0.27415457
0,0,0,0.07728887921176943,0.06678384
1,1,1,0.6124810844553071,0.7641966
0,0,0,0.010972297678807799,0.015688341
0,0,0,0.33836868576015255,0.2533713
0,0,0,0.02661205524660686,0.013994352
0,0,0,0.09181120145663327,0.12134136
0,0,0,0.005470688121338901,0.0039281524
0,0,0,0.4130306046619824,0.43003622
0,0,0,0.3118193275871548,0.26646402
0,0,0,0.09059629442655324,0.007597348
0,0,0,0.39356239471872084,0.33496696
0,0,0,0.36924945416582255,0.30142036
0,0,0,0.2869794650775369,0.38850278
0,0,0,0.3144987100975171,0.29440343
1,0,0,0.03253438397268338,0.01826852
0,1,1,0.5429092522336522,0.6209205
1,0,0,0.4070087386710476,0.4149401
0,1,1,0.8341803766298537,0.77606994
0,1,1,0.6532400939985156,0.7159612
1,0,1,0.46016683590213553,0.6436274
0,1,0,0.620322355596356,0.46593103
0,0,0,0.30402259058731057,0.34615213
0,0,0,0.0039059306100048038,0.008161636
0,0,0,0.03766247300105534,0.014925078
0,0,0,0.029488063104780263,0.010131784
1,1,1,0.8014722809412765,0.8749277
0,0,0,0.35751718223610923,0.32554355
0,0,0,0.003007518796992481,0.00198374
0,0,0,0.04142457963176285,0.022367435
1,0,1,0.42337821160181144,0.5245298
0,0,0,0.11359002666839568,0.026163854
0,0,0,0.011213499966149044,0.013850239
0,0,0,0.0909566933857536,0.034701187
1,0,0,0.1849372921768094,0.12689397
1,0,1,0.475834710571059,0.5736756
0,0,0,0.3075228510595902,0.2368246
1,1,1,0.7309529823475721,0.81076306
0,0,0,0.012617094947898618,0.006754292
0,0,0,0.029914094134010936,0.0021350263
0,0,0,0.060634035827405314,0.09057571
0,0,0,0.013304326002180306,0.011389353
1,1,1,0.6504066085300613,0.67066324
0,0,0,0.0031997252644159553,0.002973166
1,1,1,0.5618808483938652,0.70472974
0,0,0,0.006490451323115649,0.004695247
0,0,0,0.05071791662455751,0.019885866
1,1,1,0.8535225932067876,0.87999016
0,1,1,0.7043934973586231,0.7717073
0,0,0,0.27232083488289366,0.33181563
0,0,0,0.08354812118876082,0.08543244
0,0,0,0.00853452422150207,0.002001998
0,0,0,0.054518805038201654,0.013652308
0,0,0,0.286994096932635,0.27847394
0,0,0,0.06542176879424823,0.024493955
1,0,0,0.27971252259600293,0.23544945
0,0,1,0.4710311722516103,0.6436274
0,0,0,0.03837492380305817,0.022600895
0,1,1,0.7193358085563478,0.79639286
0,0,0,0.01310658639606008,0.025561728
0,0,0,0.1614417465238384,0.060038816
0,0,0,0.008483782811102885,0.0056294454
1,0,0,0.3582090203189932,0.28402856
0,0,1,0.4851805463238729,0.6527431
0,0,0,0.02372266555739547,0.008547753
1,1,1,0.5224920752681986,0.50501174
0,0,0,0.11423680202005285,0.11054237
1,0,1,0.47151135622371376,0.5076077
0,0,0,0.0049387470034121935,0.004760872
0,0,0,0.009269827693975101,0.0083110565
0,0,0,0.09912880299497105,0.053339694
0,0,1,0.49385310365913265,0.5174358
0,0,0,0.0043209290550261115,0.007700291
0,0,0,0.055504476531511845,0.02224932
1,0,0,0.21244748016985998,0.14991271
0,0,0,0.09426488625569211,0.024191992
0,0,0,0.3202496497096224,0.26175478
0,0,0,0.21553364053716415,0.1386939
0,0,0,0.0015012580730865927,0.008494608
0,0,0,0.08518321101744236,0.07669422
0,0,0,0.05590532339281205,0.030707834
0,0,0,0.20329570051276427,0.09974793
0,0,0,0.03640778538815181,0.009061835
0,0,0,0.4624888501252865,0.39201
0,0,0,0.10261152524523931,0.19017057
0,0,0,0.4351500802407078,0.37976962
1,1,1,0.5804862228265539,0.5655645
0,0,0,0.133209256619946,0.13696298
1,1,1,0.6169297636123244,0.63274026
0,0,0,0.07146436238418255,0.03732771
0,0,0,0.020088395279707526,0.0069512697
0,0,0,0.009060394889663183,0.0136574
1,0,0,0.3618683626722213,0.47746146
1,0,0,0.28339053586878377,0.12514994
1,0,0,0.44784884638273,0.47682235
0,0,0,0.0014628068010420952,0.0014657924
1,1,1,0.8316769836384696,0.82786965
1,1,1,0.8463235423373193,0.83808154
0,0,0,0.052158841649940724,0.026391104
0,0,0,0.11165552120737461,0.05102443
0,0,0,0.3672713350095769,0.41345373
0,0,0,0.10045831980315047,0.10909645
0,0,0,0.024877840536828188,0.017104426
0,0,0,0.015127185814840627,0.031105991
0,1,1,0.6634598142257311,0.70994765
1,1,1,0.6970320220707233,0.72566
0,0,0,0.27921488272071515,0.36442417
0,0,0,0.17060050264204502,0.19366013
0,0,0,0.034607369654425166,0.022680992
0,0,0,0.009700650577665657,0.015407579
1,1,1,0.6258845651749204,0.7225302
0,0,0,0.020718024540713885,0.027506651
0,0,0,0.30127429530055044,0.41524285
0,0,0,0.12291252351120022,0.098250985
0,0,0,0.15328033785052214,0.19334672
0,0,0,0.3621019387365404,0.45681813
0,1,1,0.6073734326928583,0.588601
0,0,0,0.4237029204582589,0.40691683
1,0,0,0.4611391676925623,0.45027685
1,0,0,0.38436477624326026,0.39119413
0,0,0,0.16254342109746964,0.06184996
1,0,0,0.4960834165118524,0.45039955
0,1,1,0.8371826278062828,0.9030521
1,0,0,0.4563432126832448,0.3396783
0,0,0,0.4861054477473575,0.3047545
1,1,1,0.7336751637012484,0.72739977
0,0,0,0.20100888391426758,0.18370481
0,0,0,0.04410010219250221,0.02682323
0,0,0,0.31837755254448347,0.22985995
1,0,1,0.4115968107205567,0.53780293
0,0,0,0.06636908735714812,0.030389505
0,0,0,0.2126466559262099,0.1811059
1,0,0,0.4711829822079441,0.41607895
1,1,1,0.6911614608787808,0.8067675
0,0,0,0.27832906693700726,0.23894589
0,0,0,0.0540264296659958,0.02751583
0,0,0,0.3356468193547314,0.29117566
0,0,1,0.3639592759122731,0.5064954
1,0,1,0.31545480589858693,0.608172
0,0,0,0.2179294411141705,0.25117874
0,0,0,0.3780834383946064,0.32679412
1,0,0,0.3149613872668786,0.23404823
0,0,0,0.05477511668552338,0.027155144
0,0,0,0.048356604877083556,0.021909354
0,1,1,0.5067982126948102,0.5208374
0,0,0,0.43752500804476113,0.29902154
0,0,0,0.020557676037980633,0.011728705
0,0,0,0.020130694001764787,0.01091553
0,0,0,0.0210758389566695,0.048936248
0,0,0,0.03571569972927189,0.012477661
0,0,0,0.007121463453331462,0.018924564
0,0,0,0.1729278934436687,0.02017653
1,0,0,0.25476184921113787,0.17723653
0,0,0,0.27236285266555565,0.22197661
1,0,0,0.2678282123239123,0.21808699
0,0,0,0.06405745069576901,0.0045714313
0,0,0,0.023088373231426772,0.032761954
0,0,0,0.0,0.0017483591
1,0,0,0.36413196575966933,0.43840423
1,1,1,0.7634691174255062,0.830248
0,0,0,0.19156112566201952,0.17193845
0,0,0,0.07905398007804863,0.04477771
0,0,0,0.10185202120491187,0.060268864
0,0,0,0.30185760496177055,0.3257835
0,0,0,0.013555983900816613,0.0066598905
0,0,0,0.07946738699427129,0.019329004
1,1,1,0.5233904758204384,0.58377194
0,0,0,0.018844831038705295,0.012715942
1,0,0,0.27166314052330875,0.1675834
0,0,0,0.26977475970652237,0.22682185
1,1,1,0.6551345988972266,0.6829883
0,0,0,0.003163237033608463,0.0051278262
1,1,1,0.8595448521171731,0.8451248
1,1,1,0.597570598645446,0.6402764
0,0,0,0.18658950651205103,0.08742386
0,0,0,0.005914944776004258,0.01600413
1,1,1,0.6044703898998405,0.63199264
0,0,0,0.42373175468117125,0.45217672
0,0,0,0.024606791604839078,0.009441912
1,0,0,0.3384237806424812,0.3504106
0,0,0,0.2777803982279911,0.19994855
0,1,1,0.5716728038519912,0.5938686
0,0,0,0.4076222902890971,0.49908325
0,0,0,0.014062385683723025,0.0032529645
1,0,0,0.4022625980355696,0.25057226
0,0,0,0.04548020446908361,0.029773321
1,0,0,0.2538129890045006,0.21050009
1,1,1,0.7595850767482628,0.82898444
0,0,0,0.07698327287447951,0.17614257
0,0,0,0.011119785182516884,0.017846214
0,0,0,0.14615251685948433,0.13019547
1,0,0,0.07494692453750562,0.0611099
1,0,0,0.4243181940151788,0.42383823
0,0,0,0.1783694905381427,0.10100241
0,0,0,0.07869322218168523,0.055830408
1,0,0,0.2619280629143418,0.28968018
0,0,0,0.08795293554795779,0.07478543
1,0,0,0.3855837931128419,0.4753819
0,0,0,0.016632484859340293,0.011750856
0,0,0,0.1218678082364081,0.13863164
0,0,0,0.2709621840236535,0.15829253
0,0,0,0.17131930615121327,0.1893047
0,0,0,0.07848881678112715,0.035311673
0,0,0,0.08510029104453079,0.12528451
1,0,0,0.11793882508108292,0.08976394
1,0,0,0.30193448042451865,0.12493764
0,0,0,0.13418699445252413,0.046671934
0,0,0,0.054473987893941034,0.025968634
0,0,0,0.34389427207400103,0.26201892
0,0,0,0.0550972900724423,0.013139877
0,0,0,0.01649409526002251,0.011813177
1,0,0,0.062076214355017874,0.1321954
0,0,0,0.34971912080620526,0.41598836
0,0,0,0.05644816044989876,0.018772485
0,0,0,0.2373978127404049,0.1194173
1,1,1,0.8636125645297591,0.8656843
0,0,0,0.3665729596250597,0.3866917
0,0,0,0.008403712132897232,0.0039472175
1,0,0,0.39527162228976764,0.2828602
0,0,0,0.008789233451461759,0.018087365
0,0,0,0.0328355542472845,0.009617338
1,0,0,0.44465543415341485,0.4143617
0,1,1,0.5030679089446063,0.5049269
0,0,0,0.335858608315436,0.27384022
0,0,0,0.001508981073045563,0.013319225
0,0,0,0.07934548426747079,0.022885654
1,0,0,0.05512257109548198,0.050968397
0,0,0,0.22683799510108682,0.07330764
0,0,0,0.30140840638614397,0.4176637
0,0,0,0.1606080166711293,0.06661451
0,0,0,0.022232054366732448,0.038532518
0,0,0,0.07788340967169124,0.042112034
0,0,0,0.1435411530490504,0.0380661
0,0,0,0.2855072235982391,0.3889161
0,0,0,0.24649886926247302,0.26594535
1,1,1,0.7898060708974352,0.84626496
0,1,1,0.6451941564390253,0.57935315
0,0,0,0.058174322184984535,0.04729031
0,0,0,0.004391759414873479,0.0021534509
0,0,0,0.11357371863946128,0.08259473
0,1,1,0.7474634018064137,0.7665556
0,0,0,0.2973311631796822,0.35395896
0,0,0,0.20265284020863725,0.14389582
0,0,0,0.02066689753464984,0.0087834215
0,1,1,0.6907698246606137,0.71208847
1,1,1,0.7701293994564155,0.7964323
1,0,0,0.3029307969138512,0.22936088
0,0,0,0.006686680844635813,0.017329792
0,0,0,0.10884920999632865,0.07056743
1,0,0,0.2017056684633738,0.16312402
0,0,0,0.21345004765336173,0.25527486
0,0,0,0.25208647600670836,0.2036863
0,1,1,0.7627921708049519,0.8465057
0,0,0,0.4056386960250473,0.25593203
0,0,0,0.15083823339037392,0.068308264
0,0,0,0.1747535979590986,0.10844634
0,0,1,0.47395288784658646,0.60186845
1,1,1,0.6894941250139911,0.81781226
0,0,0,0.3582331512704196,0.43662885
0,0,0,0.004046157870457069,0.013495102
1,1,1,0.7806212412572973,0.8143381
0,0,0,0.39316184288184786,0.3408231
0,0,0,0.03582959523852633,0.016875993
0,0,0,0.001544603320496562,0.010085739
1,1,1,0.6788582306187385,0.72323155
1,1,1,0.5128065942588665,0.58852696
0,0,0,0.038819850563684505,0.026069231
0,1,1,0.5034793876234427,0.53467125
1,1,1,0.7234620703591216,0.7717073
0,0,0,0.011952460430038624,0.014386717
0,0,0,0.004273216979099333,0.010732272
0,1,1,0.6510572174368353,0.64973843
0,1,1,0.7210224551166126,0.66663784
0,0,0,0.19597427285041014,0.11623127
0,0,0,0.34031073009235835,0.35393906
1,1,1,0.5909543645030021,0.7338587
0,0,0,0.13389583570750324,0.11104517
1,0,0,0.3844784674017659,0.443015
0,0,0,0.0307356170003725,0.013958703
1,0,0,0.13751521669803646,0.10718051
1,1,1,0.8740907179318016,0.91016465
0,0,0,0.21335849558671566,0.34953827
0,0,0,0.30981893584442505,0.34231392
0,0,0,0.016293640986853722,0.010753109
1,1,1,0.5657077267393009,0.5074964
1,0,0,0.2653005446834196,0.32943168
0,0,0,0.006056129345468795,0.007232771
0,1,1,0.6652219277381646,0.7341597
0,0,0,0.0700970777838782,0.014216711
0,0,0,0.1874642634761965,0.17710586
0,0,0,0.14859159536468763,0.037872493
1,1,1,0.7577103774840033,0.7859051
0,0,0,0.1618310850466665,0.093997285
0,0,0,0.17482363535807316,0.22693227
1,0,0,0.3280295215725729,0.38847154
0,1,1,0.5549066753960441,0.5801817
0,0,0,0.15593216705237065,0.16026354
1,1,1,0.5170731368846453,0.5621389
0,0,0,0.07374342904121232,0.066473715
0,0,0,0.36555472983300374,0.33686188
0,0,0,0.05541015526554541,0.010871098
0,1,1,0.5048742826793101,0.52182794
1,1,1,0.5120973341576293,0.6149354
1,0,0,0.1090873043424237,0.16812441
0,1,1,0.6098687698185601,0.699489
0,1,1,0.7554086048480589,0.7501015
1,0,0,0.47264548586635813,0.47060522
1,1,1,0.5899654300054628,0.59074897
1,1,1,0.8577641729807604,0.8297435
0,1,1,0.5762140703473734,0.6697577
0,0,0,0.07287555450799553,0.010112968
0,0,0,0.015703027076703263,0.02853838
0,0,0,0.4062429876150454,0.41056883
0,1,1,0.7775029963467432,0.8564116
0,1,1,0.5818722898438851,0.5520584
0,0,0,0.18263991234025098,0.26140895
0,0,0,0.39065325801986506,0.3864213
0,0,0,0.2761646669467156,0.29693696
0,1,1,0.7633794358671346,0.8934107
0,0,0,0.020481976658012994,0.009122615
0,0,0,0.4484925573581565,0.4653146
0,0,0,0.058703181905378744,0.08304833
1,1,1,0.6720255734628425,0.660408
1,0,0,0.316924331928651,0.41039404
0,0,0,0.3344754172927935,0.28778985
0,1,1,0.8089055916292603,0.881853
1,1,1,0.6442916479239195,0.6118275
0,0,0,0.07190906170130129,0.033841226
0,1,1,0.5170586781413036,0.6091719
0,0,0,0.1589051708552559,0.17677332
1,0,0,0.4191405186285257,0.4196176
1,0,0,0.1656533509640294,0.14969894
0,0,0,0.09379000174606465,0.010081336
0,0,0,0.18730936710982152,0.1193459
1,1,1,0.5712914473016091,0.5672181
0,0,0,0.07010187199604863,0.09777036
0,0,0,0.019716721056020025,0.018730916
0,0,0,0.05227760182533693,0.045083236
1,0,0,0.27454549599426864,0.22950236
0,0,0,0.15229028581066278,0.08052531
0,0,0,0.03573953437871811,0.015718633
1,1,1,0.5852614300280596,0.6367038
0,0,0,0.03015277635008039,0.048098475
0,0,0,0.1231772468406781,0.054155443
0,1,1,0.6339886918905091,0.54553634
0,1,1,0.5186212204551589,0.5422181
0,0,0,0.051282625656125264,0.056563124
1,1,1,0.720723142976792,0.7076921
1,1,1,0.7974606184791782,0.8778244
0,0,0,0.1288474084277601,0.07785077
1,1,1,0.8143238926190104,0.8756363
1,0,1,0.3710740964641871,0.51321924
0,0,0,0.025834478816114635,0.013665664
1,0,0,0.2753963257369432,0.35652995
0,0,0,0.026767888420146563,0.025692083
0,0,0,0.10757757787580735,0.12744531
0,0,0,0.4558719687626478,0.39741436
0,1,1,0.8226305922826694,0.83233505
0,0,0,0.05448237954834054,0.02291228
0,0,0,0.001975298828240005,0.011172909
1,0,0,0.34374654234262414,0.3554736
1,0,0,0.13386134926905188,0.032463685
0,0,0,0.004291189993367977,0.007202682
1,1,0,0.5712476248820948,0.48326162
0,0,0,0.0026504591763524183,0.00988292
1,1,1,0.6628767843058754,0.68329084
0,0,0,0.32590350998789275,0.47544202
1,1,1,0.6671740999400169,0.70971286
0,0,0,0.21630611146599069,0.20651247
0,1,1,0.5963665140713534,0.5385518
0,0,0,0.07821403802180604,0.05242498
0,0,0,0.0011632370336084631,0.0016987829
0,0,0,0.04114511533545174,0.014324543
0,0,0,0.001926856084891501,0.007409636
0,0,0,0.011724299745939708,0.009100439
1,1,1,0.7400331250171804,0.7909871
1,0,1,0.4589038035470232,0.59025985
0,0,0,0.2900028077858544,0.32556364
1,0,1,0.4779058410312242,0.5085688
1,1,1,0.812447894111688,0.8649176
1,1,1,0.7137837050051431,0.8498956
0,0,0,0.33860923891005995,0.34172618
1,1,0,0.5042986380241625,0.42862716
1,0,0,0.09001872912865073,0.12589476
1,0,0,0.3364363859880207,0.41193447
1,0,0,0.1763468756164953,0.0633169
1,1,1,0.8264856793157912,0.8527139
0,0,0,0.02551960948311995,0.011276983
0,0,0,0.024287984862002718,0.034532394
0,0,0,0.0590630498281057,0.04743794
1,0,0,0.3862892913726037,0.3529897
0,0,0,0.15632049804250917,0.11570416
0,0,0,0.0706633210122269,0.038187582
0,0,0,0.07453305390251401,0.03252661
0,0,0,0.0014371256737730834,0.010677234
0,0,0,0.023803744952541065,0.009516654
0,0,0,0.0429075120285896,0.056480113
0,0,0,0.019727600845841655,0.0033609264
1,0,0,0.14779078041396296,0.15524302
1,0,0,0.20007159844393374,0.29079205
0,0,0,0.2948592216108581,0.3934059
1,1,1,0.6831029628576931,0.7177338
0,0,0,0.2502764726897739,0.22408879
0,0,0,0.11685344764901999,0.078116566
1,0,1,0.45074065944400354,0.54198545
0,0,0,0.0016110344963888026,0.0039253957
0,0,0,0.3184731111483559,0.12338142
0,0,0,0.0052605799958563605,0.015758403
1,1,1,0.7701237970199917,0.85724425
1,1,1,0.7290047702174395,0.6992672
0,0,0,0.45509268153155935,0.47257826
1,0,0,0.23358877162450079,0.14497425
0,0,0,0.005179446940506423,0.013606231
0,1,1,0.6951402606725745,0.7490771
1,1,1,0.7155935461493189,0.7717073
1,1,1,0.5665393982426727,0.58093417
0,0,0,0.36685704574741895,0.49002507
0,0,0,0.12768109680565917,0.09699637
0,0,0,0.4009908630805832,0.35300016
0,0,0,0.14329466323036302,0.12513168
0,0,0,0.07823355030732,0.13660212
1,1,1,0.7779604983035219,0.84154636
0,0,0,0.13447615281716993,0.14350815
0,0,0,0.015198498411869479,0.008670431
0,0,0,0.15895202303976444,0.22822055
0,0,0,0.012418715900926056,0.023291094
0,1,1,0.563469178001539,0.606864
0,0,1,0.47575540118789456,0.5426053
0,0,0,0.004468253968253968,0.0030738339
1,0,0,0.06062070190435369,0.11502671
1,0,1,0.48920729136645513,0.68206704
0,0,0,0.08614587392380538,0.021678913
0,0,0,0.09183815847647928,0.1389717
0,0,0,0.32867136833633803,0.36296687
1,0,0,0.2059666669231499,0.042264137
1,1,1,0.6287354754628631,0.7409211
0,0,0,0.03554714696105277,0.024170227
0,1,1,0.6844110546731956,0.6915482
1,0,0,0.41547435312359027,0.40563217
0,0,0,0.011384261914153395,0.024984036
1,1,1,0.5057588758880466,0.5548225
0,0,0,0.24195991729357416,0.28428793
1,1,0,0.6010048921700321,0.49239507
1,0,0,0.27067921681976465,0.31629714
0,0,0,0.012184059387205596,0.011479977
0,0,0,0.08842274372040922,0.08320098
1,1,1,0.6777313240469728,0.68653226
0,0,0,0.31872452405815777,0.32221237
0,0,0,0.007108052936820059,0.0018352413
1,1,1,0.6401202166615317,0.6247149
1,1,1,0.5020562476611734,0.51435477
0,0,0,0.08578301656223487,0.14758901
0,0,0,0.24625453925355845,0.15390098
0,0,0,0.026248053448862163,0.0056359866
0,0,0,0.1403167180267367,0.107044116
0,0,0,0.28841342882147947,0.23964603
0,0,0,0.09220948138205907,0.061752297
0,0,0,0.3262505420344165,0.29864636
1,1,1,0.7958193690633091,0.813639
0,0,0,0.024131526971592994,0.015893657
0,0,0,0.18754382210665732,0.14897738
0,1,1,0.6327095577165447,0.7146072
1,1,0,0.5078508306780743,0.4178466
1,1,1,0.5703448776191948,0.62307876
1,1,1,0.7867703956007303,0.8640102
0,0,0,0.3272196994327411,0.2482139
1,0,0,0.16588401603197078,0.17442492
0,0,0,0.02157803910232345,0.018290196
0,0,0,0.019039336600512786,0.011405891
0,0,0,0.4671495005368484,0.4340738
0,0,0,0.09697853083631439,0.067967705
0,0,0,0.027829033650631507,0.042714916
0,0,0,0.003406862745098039,0.0016998459
0,0,0,0.20824755697929953,0.3017601
0,0,0,0.027327260209353735,0.006549824
0,0,0,0.07699040753739532,0.017099714
0,0,0,0.06334188671224006,0.096645854
1,0,0,0.3521392735523222,0.28152817
0,0,0,0.22578627562304188,0.16433692
0,0,0,0.03771635389091017,0.03331312
1,1,1,0.808333943617004,0.85855424
0,0,0,0.1065933087291573,0.08725377
1,0,0,0.09720366196106141,0.07513958
0,0,0,0.004484996274469959,0.017558342
0,0,0,0.20339112109133006,0.07819133
1,1,1,0.550931434499908,0.5254878
0,0,0,0.19279659847384462,0.23414694
0,0,1,0.46321831885057047,0.5285217
0,0,0,0.17747268754681805,0.22327146
0,0,0,0.4529831207267992,0.41629535
0,0,0,0.25532056513840895,0.12568837
0,0,0,0.16179027366960683,0.026315043
0,1,1,0.5303762760534142,0.5144922
0,0,0,0.11175579549466166,0.047781423
0,0,0,0.11784108681440258,0.10038147
1,0,0,0.3780834383946064,0.32679412
0,0,0,0.14637520884136024,0.20154575
1,1,1,0.7462983256643041,0.7591818
0,1,1,0.5254248420356871,0.5126567
0,0,0,0.21090653456545738,0.3228091
0,0,0,0.06638930338854747,0.05049743
0,0,0,0.26404933570396877,0.1775791
1,1,1,0.8572459514245301,0.915047
0,0,0,0.036374441313722465,0.008576168
1,1,1,0.6315919406587157,0.58921796
0,1,1,0.5363785508118647,0.5179126
1,0,0,0.3237304335191644,0.37143156
1,1,1,0.7563549562948954,0.79832107
0,0,1,0.48266150750065,0.6143463
0,0,0,0.007359924404208878,0.0112564685
0,0,1,0.4570190287212842,0.59722906
0,0,0,0.1591445795732188,0.10837148
1,0,0,0.14984597515501843,0.16935235
0,0,0,0.3565846971072164,0.24435285
0,0,0,0.2611516709523325,0.25004244
0,0,0,0.13953957195984926,0.1322673
0,0,0,0.26365545319362843,0.23731284
0,0,0,0.40321181409424,0.40368327
0,0,0,0.0341736179124751,0.034188133
0,0,0,0.33621073634935733,0.35789707
0,0,0,0.11790274384654867,0.0439563
1,1,1,0.7229026159791538,0.8190022
1,0,0,0.27073813241093797,0.29691502
1,0,1,0.48700262999287625,0.51954573
0,0,0,0.08135659972931013,0.07081429
1,1,1,0.5670930883970641,0.6512636
1,1,1,0.7706133756621122,0.8575849
0,1,1,0.7655820345840466,0.745008
0,1,0,0.5256831907920383,0.31854436
0,0,0,0.005409684587129471,0.0051167286
0,0,0,0.2894349588158609,0.24017237
0,1,0,0.5066337778061857,0.46370578
0,1,1,0.5242164699185622,0.6626679
1,0,0,0.3384348271840168,0.4827479
0,0,1,0.4101311894981113,0.56804925
0,0,0,0.09384613070125304,0.07629616
0,0,0,0.3152582956676042,0.3593679
0,0,0,0.3261214814297159,0.21295328
0,0,0,0.012479705680622797,0.0042080283
0,0,0,0.18873743293676737,0.13616106
0,0,0,0.10746426862133049,0.17947714
0,0,0,0.08335842784454407,0.05762949
0,0,0,0.09586751163197625,0.070748314
1,1,1,0.5408783175566854,0.53363913
0,0,0,0.2393274824433762,0.22780356
0,1,0,0.5941417411154147,0.4795131
1,1,1,0.50828257536304,0.58377457
1,1,1,0.5406678682531115,0.5431062
1,0,0,0.39709792913313896,0.4333494
0,0,0,0.008510266696499404,0.0054993783
0,0,0,0.3843303387383885,0.41008624
0,0,0,0.10145871171789037,0.07896609
0,0,0,0.2433216184167036,0.17054737
1,0,0,0.09724528378045799,0.096314505
0,0,0,0.2742970869349158,0.38780734
0,0,0,0.0032252690540361772,0.007046962
0,0,0,0.0960035571827688,0.10713314
0,0,0,0.4159286460130099,0.37671438
0,0,0,0.20915806146563226,0.1757662
0,0,1,0.450080124046057,0.52777874
1,1,1,0.5413720431930011,0.59734946
1,1,1,0.6919559663708296,0.7707748
1,1,0,0.6002840638844742,0.49808723
0,1,1,0.5104153587014715,0.5750156
0,0,0,0.0002032520325203252,0.0010644813
0,0,0,0.10207002461155351,0.07361265
0,0,0,0.006271337470463657,0.01631713
0,0,0,0.1302118612023443,0.044659443
0,0,0,0.047503067067188154,0.028197993
0,0,0,0.35075535314974887,0.37193537
0,0,0,0.02260499256333381,0.02858032
0,0,0,0.03539926669618636,0.034003936
0,0,0,0.006453030328972825,0.0040487484
0,0,0,0.0006666666666666666,0.010369693
0,0,0,0.1981269421074158,0.11933854
1,0,0,0.48858279077149463,0.48713744
0,0,0,0.05850758685894985,0.027112743
0,0,0,0.37490589133284435,0.41705713
1,1,1,0.8428750326973986,0.9302938
0,0,0,0.016293640986853722,0.017174318
1,1,1,0.7525654666104716,0.81169355
0,1,1,0.5981653936531633,0.6479135
0,0,0,0.05948916796310581,0.059496157
0,0,0,0.16990565591891965,0.06726579
0,0,0,0.04740985259500632,0.012426716
0,0,0,0.39847646731019837,0.3667178
0,0,0,0.10142485649986563,0.07160828
0,0,0,0.3811612809330533,0.2650263
0,0,1,0.4722479384724668,0.5144353
0,0,0,0.14330906090724915,0.1296829
0,0,0,0.07751122798792882,0.06484908
0,0,0,0.25915787758479747,0.12506454
0,0,0,0.00472436166596289,0.009240422
0,1,1,0.5820441832544186,0.68070143
1,1,1,0.6725998917567021,0.7307005
1,0,0,0.400982389156966,0.3557103
0,0,0,0.372831952000128,0.46320963
0,0,0,0.09867612901215249,0.10889543
0,0,0,0.012674290981276275,0.0040976773
0,0,0,0.014441480470748764,0.0073641525
1,0,0,0.007048149898957539,0.0053886604
1,0,0,0.380536070694378,0.36128372
0,0,0,0.2933164092735909,0.30670765
0,0,0,0.01178744172695492,0.009554245
0,0,0,0.0018769374185417245,0.011648755
0,0,0,0.04072478808072028,0.00964128
1,0,0,0.42727534927510546,0.45289773
0,0,0,0.2143889634595669,0.3130811
0,0,0,0.012696753012156756,0.005302509
1,0,0,0.4588600688549341,0.43483368
1,1,1,0.7884820999893251,0.8558878
0,0,0,0.10630710091484852,0.06839422
0,0,0,0.013247663268745671,0.014199593
0,0,0,0.04709761014619059,0.020566696
1,1,1,0.8013017384783254,0.83233505
0,0,0,0.09736038904837213,0.08279396
0,0,0,0.14629552266036128,0.12985827
0,1,0,0.5022211977328014,0.45825636
0,0,0,0.09575968289152458,0.09690791
0,0,0,0.005799495470469892,0.025593912
0,0,0,0.34644552001626766,0.42772204
1,1,1,0.6048346086170986,0.5785075
1,0,0,0.22506219769883706,0.17555392
0,0,0,0.34148630527094903,0.31674996
0,0,0,0.29607266593661674,0.3125618
0,0,0,0.1059774864349404,0.0250659
1,1,1,0.7485227806902901,0.7152427
0,0,0,0.4091620814461075,0.38452837
0,1,1,0.7316210243839295,0.77599025
0,0,0,0.15560714368172435,0.15697189
0,0,0,0.3100360384652084,0.3386808
1,1,0,0.5677412637587669,0.43727615
0,0,0,0.03126082334545923,0.03178709
0,0,0,0.4342693357333125,0.41018707
0,0,0,0.38297222807671405,0.3055378
0,1,1,0.5024807741300124,0.56131995
1,0,0,0.14014465296775705,0.06351608
0,1,1,0.5604630693783769,0.6167069
1,0,0,0.48253816367210517,0.32973617
0,1,1,0.8683127187079891,0.8569605
0,0,0,0.28828477042704787,0.3337099
0,0,0,0.27468597745167195,0.27114478
0,0,0,0.4637618028052999,0.46428046
1,0,1,0.3697520582451701,0.5133144
0,0,0,0.24265561080074516,0.16829374
0,0,0,0.3535166910793952,0.2933434
0,0,0,0.2104831658770081,0.21779093
0,0,0,0.42399550172307654,0.49676603
0,0,0,0.05246981804865665,0.028251108
0,0,0,0.03309618113348678,0.034869686
0,0,0,0.4873987538815536,0.37223977
0,0,0,0.0011433823529411766,0.004434418
1,1,1,0.6491052118330319,0.65071976
0,0,0,0.19062658873790655,0.15589991
1,0,0,0.006522922369997391,0.027665876
0,0,0,0.21019308102383216,0.23024873
0,0,0,0.001311921650156944,0.019272206
1,0,1,0.48559470296309426,0.51521426
0,0,0,0.27278846993409966,0.24812634
0,0,0,0.11548301476679965,0.06566167
0,0,0,0.23181067792909005,0.20627639
0,0,0,0.01885773041962338,0.0061188363
0,0,0,0.1267015282011827,0.1520015
0,1,1,0.5521728922444707,0.5315182
0,0,0,0.005704064233973604,0.026452968
0,0,0,0.003376729494970302,0.010678242
0,0,0,0.20416672225163363,0.18305923
0,0,0,0.2547617812312511,0.44168133
0,1,1,0.5936343469023617,0.646494
0,0,0,0.019049887354129557,0.0063997814
0,0,0,0.16147940401382194,0.120332874
1,1,1,0.7963808173709669,0.8452759
1,0,0,0.34166040423259014,0.27275622
0,0,0,0.41287413045685056,0.41646522
1,0,0,0.23912410181795327,0.15093172
0,0,0,0.1065474952709789,0.10403834
1,0,0,0.2601581032753866,0.32147595
0,0,0,0.07466927971794846,0.075706385
0,0,0,0.26848544009726816,0.19950911
0,0,0,0.10268771959221847,0.07093001
0,0,0,0.018734887968912615,0.011599422
0,1,1,0.5928773953164463,0.5729697
0,0,0,0.3500752634578537,0.319581
0,0,0,0.17988735212824886,0.11879862
0,0,0,0.25875745559333785,0.42859593
0,0,0,0.011992601055974429,0.010906179
1,1,1,0.6544142070106058,0.7159612
0,0,0,0.10427083088851953,0.31258893
0,0,0,0.004831890331890331,0.00857946
0,0,0,0.2690746586454402,0.32863492
0,0,0,0.03886304379996112,0.030108733
0,0,0,0.015019432356460036,0.018289424
0,0,0,0.3358294400300486,0.1732318
0,0,0,0.01818205722366153,0.008299542
0,0,0,0.04394526188823086,0.016427299
0,0,0,0.24757997345952,0.3080803
0,0,0,0.08057234300923152,0.04487104
0,0,1,0.4259628003300556,0.5289046
0,0,0,0.04661742913118485,0.026910182
0,0,0,0.15081149226585266,0.16224809
1,0,0,0.36106160994074604,0.40319356
0,0,0,0.03062289129346697,0.015523814
0,0,0,0.023384655291499138,0.04297721
1,0,1,0.41223179847988023,0.56665474
1,1,1,0.7225091426285677,0.7662884
1,0,0,0.18183264371789545,0.12766662
0,0,0,0.09199078135835251,0.034850802
0,0,0,0.0031899059628250274,0.0053255
0,0,0,7.352941176470588e-05,0.0014704871
0,0,0,0.24373778398493404,0.21754792
1,1,1,0.5462120070488764,0.5190823
0,0,0,0.14437910183218597,0.23821132
1,0,0,0.38066252076456214,0.36107773
0,0,0,0.1947020260844746,0.15973786
0,0,0,0.2215920152195087,0.34428746
0,0,0,0.2244347923089954,0.15520717
1,1,1,0.8412091682192805,0.88722783
0,0,0,0.15787639463856534,0.17031395
0,0,0,0.08477107829128705,0.13133365
0,0,0,0.003368247521166024,0.003993367
1,0,0,0.33190325635609286,0.32520324
1,0,0,0.4948859378446956,0.41732275
0,0,0,0.09404515712478911,0.121176064
0,0,0,0.016656548462442834,0.02070163
0,0,0,0.0539728889692369,0.06262776
0,0,0,0.03711465289122339,0.012261189
0,0,0,0.009281651822388808,0.015099885
1,1,1,0.7698389341147867,0.87528133
1,0,0,0.20643801803212686,0.11642966
1,1,1,0.6160972185271996,0.73498964
0,0,0,0.09793245350783185,0.020389253
0,0,1,0.4208742098023856,0.5124955
0,0,0,0.012191251705245272,0.022775918
0,0,0,0.019077311916503196,0.013757005
1,0,0,0.12073124979553874,0.16322586
0,0,0,0.00939155730158266,0.014717277
1,0,0,0.31254190854094177,0.15501276
0,0,0,0.027192609108093655,0.0063233376
0,0,0,0.20141046222248987,0.066865265
0,0,0,0.10438426026814501,0.06964096
0,0,0,0.2535100189394954,0.24760132
0,0,0,0.1119808621423884,0.10373923
1,0,0,0.22276544115046826,0.20739307
0,0,0,0.38629865892742754,0.35864857
0,0,0,0.18947568981988008,0.16402985
0,0,0,0.41733420524509723,0.26318827
1,1,1,0.6602682838761931,0.78765076
0,0,0,0.14924955948053062,0.0409251
1,0,0,0.12773068975378338,0.16331936
0,0,0,0.21299040325876867,0.16976954
0,0,0,0.00034872389032819653,0.0036206378
1,0,0,0.2558577241525242,0.42876688
0,0,0,0.048135943849841975,0.008759747
0,0,0,0.20928825043752852,0.19390029
0,0,0,0.030298821748840278,0.022072509
0,0,1,0.40971444526966394,0.5548262
1,0,0,0.1025673358596627,0.014500949
0,0,0,0.026659279314440464,0.010635723
0,0,0,0.01364836864998618,0.012198333
0,0,0,0.10014118254049194,0.04492711
1,0,0,0.35447676290529295,0.34218466
0,0,0,0.012366421820188944,0.015179167
1,0,1,0.4453074628951698,0.54014665
0,0,0,0.009193273855502162,0.014834666
0,1,1,0.5817290054214691,0.5738762
0,0,0,0.2854853565702786,0.2875007
0,0,0,0.2223423924816695,0.26570296
0,0,0,0.07255494341159105,0.051413663
0,0,1,0.492441912354608,0.5577029
1,0,1,0.40484384343132523,0.5577942
0,1,0,0.501729183016519,0.48598823
0,0,0,0.10191546263247671,0.05326249
0,0,0,0.32162760731649803,0.13639204
1,1,1,0.7368492928861271,0.7836902
1,1,1,0.7551485069087477,0.68101764
0,0,0,0.11406763293850528,0.037835095
0,0,0,0.004777186869613057,0.0016588933
0,0,0,0.02676042977942773,0.025340002
0,0,0,0.018665061605234578,0.0144038
0,0,0,0.05959839123610285,0.040637873
0,1,1,0.5522998001185675,0.5378324
0,0,0,0.2577019244226936,0.34215927
1,1,1,0.5485712404366259,0.6299568
0,0,0,0.014022937710437711,0.0038998297
0,0,0,0.10967546245524228,0.09170168
0,0,0,0.009399979391404313,0.0040311487
0,0,0,0.01498474472139213,0.009243322
0,0,0,0.10794183957326357,0.04869753
0,0,0,0.044794405166490324,0.015570478
0,0,0,0.0021419654949066716,0.024427017
0,0,0,0.04688393656216006,0.014298645
0,0,0,0.10085562774348639,0.10734597
0,0,0,0.03224452965331119,0.008132909
0,1,1,0.7305378221943454,0.69368386
0,0,0,0.02360307866233297,0.012124047
0,0,0,0.16465872012390306,0.16206281
1,1,1,0.8148602735252924,0.89102185
1,1,1,0.5928621667180873,0.5714763
1,0,0,0.42569451773772826,0.32663417
1,1,1,0.5339487011969265,0.7345631
1,0,0,0.3869365499826482,0.43986636
0,0,1,0.48992902828157164,0.55876535
0,0,0,0.356497444306819,0.37064007
1,1,1,0.5847061039218358,0.62415415
0,0,0,0.11232157125067241,0.09578346
0,0,0,0.20851589979995513,0.18768677
0,0,0,0.08258409648902652,0.096234284
1,0,0,0.2325453815184349,0.25176334
0,0,0,0.3016054957354971,0.28832915
1,0,0,0.1930878916115702,0.17785908
0,1,1,0.5257458006046238,0.5609769
1,1,1,0.8395907457049866,0.81962204
1,0,0,0.08156513776842036,0.069952436
1,1,1,0.8486262875142984,0.91836333
1,0,0,0.21927739169262694,0.16190049
0,0,0,0.07411918088717384,0.07951029
0,0,0,0.28643720089044483,0.4187879
0,0,1,0.3820643790954661,0.5093635
0,0,0,0.3569142129564533,0.3599706
0,0,0,0.10748009995919577,0.06482926
0,0,0,0.009910729096905284,0.025813747
0,0,0,0.035012654679195856,0.03898085
0,0,0,0.014766010338318538,0.031905834
0,0,0,0.22287211801935813,0.25294366
0,0,0,0.03400853944039324,0.09472723
0,0,0,0.11219581819092603,0.07681015
0,0,0,0.19901316390068297,0.08055149
1,1,1,0.6013696725263048,0.6624261
1,0,0,0.3886393355589179,0.46237776
0,0,0,0.002245614035087719,0.02647101
0,0,0,0.104009822439301,0.10633209
0,0,0,0.18691969667547803,0.11641697
0,0,0,0.449447581803673,0.3743139
0,0,0,0.01652463493620318,0.008129478
1,1,0,0.5230708043459733,0.4941416
1,1,1,0.6836597475301501,0.66848665
0,0,0,0.18451003342401484,0.099836715
0,0,0,0.004023972269173456,0.034326587
0,1,1,0.50454845322477,0.55339843
1,0,0,0.3918605567317514,0.3941947
0,1,1,0.6761234957491365,0.8282115
0,0,0,0.3239452204306612,0.28284585
0,0,0,0.09202045776324154,0.02811803
1,1,1,0.5011470747482685,0.628597
1,1,1,0.5485830414802847,0.6097823
0,0,0,0.010832702125228657,0.028705368
0,0,0,0.1305174145592258,0.112366274
0,0,0,0.0802329962148679,0.05635063
0,1,1,0.5422759867093007,0.50561893
0,0,0,0.01950374678975424,0.05500969
0,0,0,0.014179918959312391,0.0076666144
0,0,0,0.14005816765701018,0.14373125
1,1,1,0.6144703429716286,0.5723045
0,0,0,0.13277879767119158,0.1240873
1,1,0,0.5260282074537145,0.27357692
0,1,1,0.7617248663049122,0.85629445
0,0,0,0.04114217903984843,0.013548077
0,0,0,0.33602931583937573,0.26626396
0,0,0,0.1149297382503012,0.06767899
0,0,1,0.4821978308531561,0.5618818
0,0,0,0.11931906361626002,0.12507235
0,0,0,0.37924446344181606,0.36104625
0,0,0,0.0064287235679072975,0.006803732
0,0,0,0.02309490863211324,0.061592467
0,0,0,0.3451231229407509,0.302115
0,0,0,0.24598816046163055,0.0672755
0,1,1,0.6469435587974424,0.7513852
0,1,1,0.5418580800123146,0.53567475
0,0,0,0.1662160308427962,0.19527262
1,0,0,0.25685763621544366,0.31470087
0,1,1,0.6646640066326833,0.7415017
0,0,0,0.015119684940675502,0.0054116254
1,0,0,0.04470653524929601,0.057438746
0,0,0,0.06625676857796144,0.021021478
0,0,0,0.05095678771160246,0.06252255
0,0,0,0.008885655708510012,0.0065966644
0,0,0,0.09084893208972274,0.10234544
0,0,0,0.22760655023391652,0.23880374
0,0,0,0.07634403685452544,0.03191352
0,0,0,0.3120173561525927,0.26928723
1,0,0,0.3342363546957964,0.31298885
0,0,0,0.38305386683391096,0.33042577
0,0,0,0.28677466717077615,0.40868142
1,0,0,0.05387859465477847,0.06449727
0,0,0,0.11849631104418233,0.17745864
1,0,0,0.3611668910023998,0.32679412
1,1,1,0.5300018065829701,0.5228049
0,0,0,0.01678783069586611,0.012420416
0,0,0,0.029186221255138003,0.018300014
1,0,0,0.4434556647951639,0.37375692
0,0,0,0.016864822375176676,0.011471532
1,0,0,0.48358650189005625,0.4763601
0,0,0,0.04958407939248224,0.017446449
1,0,0,0.05568765310720567,0.07397139
0,0,0,0.09863002913781417,0.11248318
1,1,1,0.860230286858268,0.9318766
0,0,0,0.03986585842773542,0.020181367
0,0,0,0.007664946494544641,0.0044053444
0,1,1,0.5123583646644096,0.5935946
1,1,1,0.8287006276860012,0.86943626
0,0,0,0.13153019492252338,0.12969552
0,0,0,0.08435202565690834,0.04259316
0,0,0,0.07641640712408843,0.09209189
0,1,0,0.5186882797592834,0.49103418
1,0,0,0.4231081204668964,0.3145903
0,0,0,0.008245533209294942,0.012155097
0,0,0,0.01930124065171812,0.015404939
0,0,0,0.10494599495157816,0.07425094
0,0,0,0.3949151568527838,0.47482005
1,1,1,0.6218976280755255,0.56782293
1,0,0,0.2969934239216465,0.4361757
0,0,0,0.101960937692991,0.07737942
0,0,0,0.180016361227993,0.110097736
0,0,0,0.017483904983904983,0.0026984967
0,0,0,0.13821162281083596,0.039041486
1,0,0,0.3088118024760442,0.32864353
0,0,0,0.05917591101136444,0.030699858
0,0,0,0.006509492131094519,0.012212607
0,0,0,0.4634264574388676,0.43357536
0,0,0,0.4226560607525257,0.3924434
1,0,0,0.22879414072067006,0.21172468
0,0,0,0.14737475688995338,0.1586322
0,0,0,0.0002032520325203252,0.0016366147
0,0,0,0.06986992181837158,0.046083786
0,0,0,0.43388185900093,0.32987005
1,0,0,0.054036914231502975,0.058934662
0,0,0,0.07777622859156501,0.024625769
0,0,0,0.07092526821149117,0.035785284
0,0,0,0.11936012434663341,0.11758363
0,0,0,0.2598235979539423,0.14436787
1,1,1,0.5518419349996916,0.564194
0,0,0,0.01611790586723818,0.003811397
0,0,0,0.016961095435163682,0.0057480577
0,0,0,0.12014076366958147,0.03385087
0,1,1,0.5367613480505414,0.6584513
0,0,0,0.013782374011119257,0.0143647725
0,0,0,0.12472318901078777,0.062679976
0,0,0,0.14285147241377763,0.060172316
0,0,0,0.10326943717758257,0.11879223
0,1,1,0.6142255176025538,0.60284185
1,1,1,0.5366353791242561,0.71564156
0,0,0,0.3935003148293605,0.2346645
1,1,1,0.6648877499668963,0.67070454
0,0,0,0.0466195245172948,0.020532472
0,0,0,0.023947812871026385,0.011063142
1,1,1,0.7494258637137314,0.75329906
0,0,0,0.2815849072809673,0.25491607
0,0,0,0.043312815537578084,0.024402682
1,1,1,0.8184285292198987,0.87149405
0,0,0,0.09744694926261792,0.073920436
0,1,0,0.5112867148039417,0.47014883
0,0,0,0.09086750975162738,0.089677
0,0,0,0.014068385935651472,0.023830896
0,0,0,0.11346771420952098,0.0983881
0,0,0,0.2937216841573807,0.32813466
0,0,0,0.00871940814931752,0.020446468
1,1,1,0.6279528947227578,0.69527614
0,1,1,0.6001830378526566,0.5437682
0,0,0,0.010652025994452181,0.013915884
0,0,0,0.035697187797427955,0.011446454
0,0,0,0.2063773276087721,0.17611423
1,0,0,0.050234879274977426,0.084016256
0,0,0,0.2055385715591258,0.3808018
0,0,0,0.12625745066445465,0.013857893
0,0,0,0.3063544241796076,0.22562441
0,0,1,0.3361918795161184,0.5372249
1,0,0,0.19830372639524513,0.10497747
0,0,0,0.2832870847778318,0.20816082
0,0,0,0.443306884856468,0.37671438
0,0,0,0.05373296336732911,0.013146617
0,0,0,0.015136844245293211,0.009630514
0,0,0,0.1752075555362535,0.17448077
1,1,1,0.7192741065589301,0.7968903
0,0,0,0.01992859273902432,0.035902053
0,0,0,0.0004851455733808675,0.008558768
1,1,1,0.5108453632989984,0.6279728
0,1,1,0.5091407189139874,0.5951576
0,0,0,0.004018891301926717,0.0018732848
0,0,0,0.02760615842181438,0.053760137
0,0,0,0.3318575875044646,0.33546305
0,1,1,0.6050209316430555,0.6920842
1,0,0,0.24566802308103441,0.24294294
1,0,0,0.16873765328587367,0.22780858
1,0,1,0.4239138054383085,0.5804802
0,0,0,0.34589223405199815,0.380372
0,0,0,0.045133915873107444,0.064179204
0,0,0,0.029815754568701704,0.05848045
0,0,0,0.03937146668680309,0.020608954
0,1,1,0.6090263668555393,0.6048969
0,0,0,0.1656233964844216,0.09137551
0,0,0,0.14846469055727174,0.09385915
1,1,1,0.8811812057157882,0.91141105
0,0,0,0.004410997936985073,0.005768617
0,1,1,0.5531514747353207,0.5348299
0,0,0,0.2735965105453767,0.23676023
0,0,0,0.03633802156983124,0.02097171
0,0,0,0.11133065525335989,0.094717026
0,1,1,0.7327977743076077,0.7422344
1,1,1,0.6968385380842942,0.6965734
1,1,1,0.7306078383888521,0.88577724
0,0,0,0.023414565193359868,0.00855412
1,1,0,0.5056451231852442,0.48934212
0,0,0,0.21971939274023886,0.16987857
0,0,1,0.47259248469006304,0.54023784
0,1,1,0.6603518334569146,0.7338328
0,0,0,0.27172933353077644,0.3384914
0,0,0,0.003304326002180308,0.012461759
0,0,0,0.35769418723683294,0.38018993
1,1,1,0.6631259113925231,0.5993932
0,0,0,0.024371247444580923,0.009487895
0,0,0,0.28046100614876257,0.19829091
0,0,0,0.006332176606553206,0.013039089
0,1,1,0.5380279389481086,0.50062215
1,1,1,0.5632763299489177,0.5123339
1,0,0,0.35908488975930325,0.42327666
0,0,0,0.002433338084392761,0.006007746
1,1,1,0.6376516275719142,0.7830321
0,1,1,0.6623989869019097,0.54218906
1,1,1,0.6336995491548596,0.5438477
1,0,1,0.4872153802666645,0.5571247
0,0,0,0.13104328721641195,0.1767181
1,0,0,0.1690558710440821,0.04975106
0,0,0,0.01678358777240105,0.011452471
0,0,0,0.20169981914679716,0.14884979
0,0,1,0.409766064142542,0.6585951
1,1,1,0.8136927604176375,0.84094787
1,0,0,0.12333736306336324,0.11205739
0,0,0,0.016523407262569876,0.019037506
1,1,1,0.5283780400357962,0.55018824
0,0,0,0.007910729096905282,0.01070322
1,1,1,0.561537496633238,0.5438673
1,0,0,0.48338371493621307,0.3542625
0,0,0,0.0586184766705503,0.10692844
0,0,0,0.1210144783375925,0.06210862
0,0,0,0.05447949033051751,0.023531355
1,0,0,0.4762239827776035,0.35016042
0,0,0,0.0306013474413461,0.012372231
1,1,1,0.8317741211875813,0.9079568
1,1,1,0.6713581107152621,0.70636743
1,1,0,0.510993691133556,0.3968114
1,0,0,0.3166174901683345,0.35793373
0,0,0,0.3770009933979328,0.3233017
0,0,0,0.23165333922872566,0.33575892
1,0,0,0.3991573321962165,0.4768333
1,1,1,0.5638294215564854,0.5127985
0,0,0,0.1460792962357057,0.10734423
0,0,0,0.3566553456929125,0.29534248
0,0,0,0.005820383916164762,0.004051068
0,0,0,0.08677427080666028,0.03988358
0,0,0,0.18347084750388254,0.116914004
0,0,0,0.0035044466446943557,0.009213835
0,0,0,0.0029351621021645197,0.006940531
0,0,0,0.1553107115441851,0.24521106
1,0,0,0.4876360771662344,0.35512048
0,0,0,0.034122571303668255,0.038396165
1,1,1,0.640950617708365,0.76112884
0,1,1,0.5191438322203057,0.506084
0,0,0,0.0324861185100391,0.090737194
0,0,0,0.1611601129017594,0.11161262
0,0,0,0.004684244957164021,0.026516922
1,1,1,0.8906290270427444,0.92851055
0,0,0,0.24364573340461246,0.24791266
1,0,0,0.4047372844830702,0.3848444
0,0,0,0.3529018634573549,0.3994114
0,0,0,0.0004371657754010695,0.0021162943
1,0,0,0.19089465587158416,0.18775599
0,0,0,0.03976022865471638,0.013746852
1,0,1,0.4845689100981227,0.6921641
0,0,0,0.02430715105518301,0.017267602
0,0,0,0.2616374630325279,0.39749318
0,0,1,0.4718232409726909,0.50966567
0,0,0,0.013402266807839562,0.0024545512
0,0,0,0.2982162580815126,0.19501163
0,0,0,0.23850859114370987,0.27245972
0,0,0,0.046087001308604075,0.024806326
0,0,0,0.2683201646255138,0.10264411
1,1,1,0.5790049078923746,0.55747104
0,1,1,0.6969629684632882,0.7651592
0,0,0,0.01298958641289034,0.019007647
1,0,0,0.35761847319395196,0.28214526
1,1,1,0.7424658383157908,0.8590362
0,0,0,0.23226238165442212,0.1867177
0,0,0,0.40094435315165233,0.3632195
0,0,0,0.07983697278445274,0.037122123
1,0,0,0.42677261444100617,0.40258265
0,0,0,0.07248739539063337,0.047120176
0,0,0,0.37388239632727,0.39478594
0,0,0,0.21282999141562203,0.13784847
0,0,1,0.4888648526938988,0.5262891
0,0,0,0.2505238927473603,0.13556562
1,1,1,0.7585276701453313,0.7281615
0,0,0,0.10267207095242575,0.120332874
0,0,0,0.013414504644665794,0.019803168
0,0,0,0.15891161432284473,0.18108207
0,0,0,0.09633841370930067,0.071017355
1,0,0,0.218435246315099,0.092103645
1,1,0,0.5417832366483409,0.39405742
0,0,0,0.1628093267938264,0.11652046
0,0,0,0.13157809199078252,0.11906436
0,0,0,0.0015315044852716086,0.004672834
1,0,1,0.4854613491219317,0.5736756
1,0,1,0.48237606569185404,0.55527544
1,0,0,0.25933000879110774,0.2920489
1,1,1,0.5925185096935754,0.6025902
0,0,0,0.0578027248628807,0.020993559
0,0,0,0.10886641349728937,0.0146622835
0,0,0,0.08838933907879566,0.027902255
1,1,1,0.5576164090983995,0.5542117
1,0,0,0.4146389052734461,0.39445645
0,0,0,0.39052516056470216,0.31629714
0,0,0,0.004504446644694356,0.013924407
0,0,1,0.46267946804900434,0.5824633
1,0,0,0.0072222324521893835,0.009273913
0,0,0,0.24950069794301666,0.26804626
0,0,0,0.042888423553070695,0.019691661
1,0,0,0.3212086268382869,0.37050757
0,0,0,0.036467126011805004,0.015190176
0,0,0,0.11663694508992035,0.089044936
0,0,0,0.13086449057980512,0.032864947
0,0,0,0.14825611962986684,0.090333074
0,0,0,0.014616823168803366,0.016624697
0,1,0,0.5050678731282481,0.42592993
0,0,0,0.0154788487854325,0.006585453
0,1,1,0.540979160785002,0.5846366
0,0,0,0.24124105357991263,0.06908135
0,0,0,0.31281806592180456,0.41146
1,0,0,0.3340320857478016,0.19599266
0,0,0,0.03448976058442017,0.004631382
0,0,0,0.007108052936820059,0.0018352413
1,1,1,0.6276324534734873,0.50703657
0,0,0,0.003120340577289037,0.012206097
1,1,1,0.8683127187079891,0.8569605
0,0,0,0.24846225317306148,0.28641033
1,0,0,0.030407149503829292,0.025012877
0,0,0,0.4588756832110345,0.46134162
0,0,0,0.10162654357409982,0.14962591
1,0,0,0.3645208537522891,0.45946446
0,0,0,0.15356454131335157,0.19384132
1,0,0,0.11492097642652999,0.13965441
0,0,0,0.10564113287866535,0.11623261
0,0,0,0.0878237574316397,0.013121697
0,1,1,0.6769882908436625,0.72766376
0,0,0,0.19068630076766246,0.27364498
0,0,0,0.1787098170346077,0.12217581
0,1,1,0.6394823408423773,0.6509516
0,0,0,0.38629302486077194,0.32736892
1,0,0,0.28538009045375934,0.28053877
0,0,0,0.08280381956181936,0.048018754
0,0,0,0.2865592863536065,0.39129344
1,1,1,0.6414015156912302,0.6581926
0,0,0,0.260037840037588,0.1075356
0,0,0,0.02051151704451171,0.016399557
0,1,1,0.589508899837447,0.583486
1,1,1,0.6264699627584168,0.5877538
0,0,0,0.25994474577875426,0.2762375
1,1,1,0.6714046407447349,0.5694701
1,1,1,0.5798058797075053,0.58330256
0,0,0,0.00034872389032819653,0.0017865007
0,0,0,0.2056171529842081,0.2792717
0,0,0,0.12246007901118096,0.030920332
0,0,0,0.003183713232544346,0.0042295805
0,0,0,0.3202208940474051,0.3724815
0,0,0,0.2826470840458498,0.32044858
1,0,1,0.3796140006591103,0.5635541
0,0,0,0.012826992239975918,0.029567983
1,1,1,0.8042240867075356,0.86780524
0,1,1,0.5493734071976296,0.6213685
1,1,1,0.5675313059883993,0.5921496
1,1,1,0.7461297970610689,0.8148718
0,0,0,0.12091382245511491,0.08200611
0,0,0,0.024418184152994814,0.019565953
1,1,1,0.5498668862080527,0.6030837
0,1,1,0.7245814247677375,0.7399663
0,0,0,0.18386607602147095,0.13817966
0,0,1,0.413602106577551,0.5630944
0,0,0,0.055060418027020414,0.056142595
0,0,0,0.35675433708469695,0.39242586
0,0,0,0.10038652798004659,0.056568556
0,0,0,0.1711081822858311,0.23496625
1,0,0,0.46996474101610064,0.49546716
0,0,0,0.3951991385242245,0.28807715
0,0,0,0.2251435517810642,0.26717263
0,0,0,0.24689215824348268,0.091366224
0,0,0,0.306452546522207,0.33060706
0,0,0,0.11610676114578129,0.17147794
0,0,0,0.13007726398617606,0.05774177
0,0,0,0.08515111924930972,0.12391113
0,0,0,0.019731369540017533,0.015996434
0,0,0,0.19688800324583017,0.26536718
0,0,0,0.006932865973113684,0.0154689895
0,0,0,0.2642563212213031,0.36621836
0,0,0,0.10394534457848917,0.06814328
1,1,1,0.7006759460638302,0.7495291
0,0,0,0.01604773093394799,0.011422893
0,0,0,0.11575644943536022,0.124652386
0,0,0,0.03769491343384418,0.011855232
1,1,1,0.8216394092599805,0.8902673
0,0,0,0.00936338188630095,0.025330558
1,0,0,0.1361483780498481,0.1474609
0,0,0,0.4012429876150454,0.41056883
1,1,1,0.6120736502350649,0.6240988
0,0,0,0.05916636314304638,0.03130551
0,0,0,0.0013307058723101783,0.010268374
0,0,0,0.03912587023277813,0.010428155
0,0,0,0.3309792460734902,0.34799105
1,0,0,0.2413201623983869,0.18847209
0,1,0,0.5841865506142292,0.4241084
0,0,0,0.3128163279757816,0.2957647
0,0,0,0.0027699666171753803,0.006510053
0,0,0,0.0680822509592057,0.007983333
1,1,1,0.6341257285987422,0.718333
1,0,1,0.4939283999619339,0.50390047
0,0,0,0.16057854220696494,0.091313034
0,0,0,0.06501427630895665,0.011090047
0,0,0,0.024462211431311914,0.018709105
1,0,0,0.060157865487021116,0.05128121
1,1,1,0.668943785805261,0.65881175
0,0,0,0.10133933385150876,0.09624262
0,0,0,0.16614463239127894,0.11713068
0,0,0,0.41641277247287645,0.38167384
0,0,0,0.4109113900144955,0.38881516
0,0,0,0.4846339060489778,0.4962978
1,1,1,0.5373996185183282,0.5123339
1,0,0,0.12105820056098116,0.13708574
0,0,0,0.06214971020280661,0.11862154
0,0,0,0.22352172621261407,0.20416002
0,0,0,0.01944524952484767,0.007281615
0,0,0,0.29157179250305165,0.3356606
1,1,1,0.6631486219831266,0.5798052
0,0,0,0.21043603406360523,0.16311495
0,0,0,0.30063486713857246,0.35188237
0,0,0,0.06533011977566139,0.016898071
0,0,0,0.002729921240275547,0.010255206
0,0,1,0.4785638426119004,0.59057504
0,0,0,0.27635691595400014,0.17731474
0,0,0,0.18128262417775098,0.29852045
0,0,0,0.018598872717032214,0.014292618
1,1,1,0.7478111376673939,0.72675496
0,1,1,0.528528196600349,0.57394755
0,0,0,0.43157493600667196,0.38551998
0,0,0,0.009756579078367278,0.012182186
1,0,1,0.47999738434691464,0.6608464
0,1,1,0.6580649483602747,0.72783995
0,0,0,0.05068722132877276,0.045471326
0,0,0,0.22257980085370138,0.20500733
0,0,0,0.28175967181840755,0.22279543
0,1,1,0.682652212676617,0.7012769
0,0,0,0.4266356960738441,0.4280955
1,1,1,0.5642781228914469,0.5636813
1,1,1,0.7655435799504287,0.9005143
0,0,0,0.12322708780987712,0.11470415
0,0,0,0.3334517392168383,0.36209673
1,0,0,0.3256659224886328,0.38647744
1,0,0,0.22600700682918795,0.17891905
1,1,1,0.5832842679425054,0.62239534
0,0,0,0.0021288762869117028,0.0030076986
0,0,0,0.13364752841017297,0.1329264
0,0,0,0.16470981802886467,0.10423803
0,0,0,0.021210095460095457,0.0017951936
0,0,0,0.18776283309238034,0.16368927
0,0,0,0.0640576128780263,0.054934356
0,0,1,0.4283014179788162,0.616911
1,1,1,0.7781854104835193,0.81436026
0,0,0,0.035800360280597195,0.046585776
0,0,0,0.045568830962497635,0.009053605
0,0,0,0.14740873256305415,0.13477308
0,0,0,0.17368796198187525,0.09863699
1,1,1,0.5165349767670375,0.6675265
0,0,0,0.045805854642109345,0.01720393
0,1,1,0.6550270529811089,0.6018476
0,0,0,0.02241462421913095,0.024872283
0,0,0,0.07337958895302041,0.11194187
0,0,0,0.3600420323812981,0.38411763
1,1,1,0.6871953145872545,0.76629204
0,0,0,0.05773712704217093,0.03757216
0,0,0,0.015489902798942832,0.008271391
0,0,0,0.06907925314627172,0.017482966
0,0,0,0.07488804423702945,0.048675854
0,0,0,0.15918580293380308,0.16384633
0,0,0,0.07843149908583633,0.05551599
0,0,0,0.27571474064054574,0.4200398
0,0,0,0.0006855579685933845,0.0023349994
0,0,0,0.06051303616006942,0.11395317
1,1,1,0.7682426306092771,0.83233505
0,0,0,0.0021103842170018643,0.010455727
0,0,0,0.08962322046899461,0.009998408
0,0,1,0.38104177325514704,0.58698577
1,1,1,0.7928884266630136,0.83010566
0,0,0,0.14139693720129998,0.05746568
0,0,0,0.23921447127806958,0.12507316
0,0,0,0.011108887933353859,0.004112565
0,0,0,0.20364414133946773,0.18741642
1,1,1,0.5734926758598526,0.6154277
0,0,0,0.011449183577759264,0.00480498
0,0,0,0.46990619329316435,0.49764633
0,0,0,0.08624660732072238,0.06628381
0,0,0,0.013323241737146772,0.024351519
0,0,0,0.004825830059580583,0.015210555
0,0,0,0.2575653582761451,0.3023451
0,0,0,0.09664681556574604,0.035114355
0,0,0,0.4214444603069044,0.41498524
0,0,0,0.0196529096591386,0.0089003695
0,0,0,0.004788909350592615,0.009350964
1,1,1,0.7585938502897066,0.8081803
0,0,0,0.0248537909573427,0.027496181
0,0,0,0.07402613571694755,0.118124574
0,0,0,0.3031608501147866,0.20411542
0,0,0,0.005348723890328195,0.0047087995
0,0,0,0.008290616246498598,0.017642215
0,1,1,0.6981034449593427,0.7478273
0,0,0,0.0476992632322182,0.04140823
1,0,1,0.4508182197927661,0.5236716
0,0,0,0.28152015959207194,0.15626647
0,0,0,0.26763879154165093,0.22994152
0,0,0,0.11766402507729978,0.13870667
0,0,0,0.052690468993191956,0.038010202
0,0,0,0.03883323646281515,0.016850965
0,0,0,0.002390315566642683,0.012384806
